<css-definition version="1.0" author="C.A.D. BONDJE DOUE">
	<item name="admin_option"></item>
	<item name="alignb"></item>
	<item name="alignc"></item>
	<item name="alignl"></item>
	<item name="alignm"></item>
	<item name="alignr"></item>
	<item name="alignt"></item>
	<item name="attr" desc="used in xml rendering to render attribute"></item>
	<item name="attrv" desc="used in xml rendering to render attribute value"></item>
	<item name="auto_x"></item>
	<item name="auto_y"></item>
	<item name="autoh"></item>
	<item name="autow"></item>
	<item name="block_10m"></item>
	<item name="block_5m"></item>
	<item name="bodyBgColor"></item>
	<item name="bodyfColor"></item>
	<item name="box_16x16"></item>
	<item name="box_24x24"></item>
	<item name="box_32x32"></item>
	<item name="box_48x48"></item>
	<item name="c" desc="used in xml rendering to render comment"></item>
	<item name="capitalize"></item>
	<item name="clbutton"></item>
	<item name="clearb"></item>
	<item name="clearl"></item>
	<item name="clearr"></item>
	<item name="clemail"></item>
	<item name="clfile"></item>
	<item name="cllabel"></item>
	<item name="clpassword"></item>
	<item name="clreset"></item>
	<item name="clsearch"></item>
	<item name="clselect"></item>
	<item name="clsubmit"></item>
	<item name="cltextarea"></item>
	<item name="color_view"></item>
	<item name="conf_ctrl_info"></item>
	<item name="config-fileviewdir"></item>
	<item name="config-fileviewfile"></item>
	<item name="config-menu-description"></item>
	<item name="config-menu-separator"></item>
	<item name="config-menu-title"></item>
	<item name="config-page"></item>
	<item name="config-title"></item>
	<item name="config_fileviewdir"></item>
	<item name="config_fileviewfile"></item>
	<item name="config_page"></item>
	<item name="config_title"></item>
	<item name="connexion_frame"></item>
	<item name="dark-op20"></item>
	<item name="dark-op50"></item>
	<item name="dark-op70"></item>
	<item name="dark-op80"></item>
	<item name="dark-op90"></item>
	<item name="db_info"></item>
	<item name="dispb"></item>
	<item name="dispi"></item>
	<item name="dispib"></item>
	<item name="dispn"></item>
	<item name="disptabc"></item>
	<item name="disptable"></item>
	<item name="disptabr"></item>
	<item name="e"></item>
	<item name="editstyle-ajx-form"></item>
	<item name="editstyle_ajx_form"></item>
	<item name="fit"></item>
	<item name="fith"></item>
	<item name="fitw"></item>
	<item name="fitw-2"></item>
	<item name="fitw-3"></item>
	<item name="fitw-4"></item>
	<item name="fitw-5"></item>
	<item name="floatl"></item>
	<item name="floatn"></item>
	<item name="floatr"></item>
	<item name="font_list"></item>
	<item name="frame_textarea"></item>
	<item name="framebox"></item>
	<item name="framebox-btn-close"></item>
	<item name="framebox-dialog"></item>
	<item name="framebox-dialog-title"></item>
	<item name="framebox_btn_close"></item>
	<item name="framebox_close"></item>
	<item name="framebox_dialog"></item>
	<item name="framebox_dialog_title"></item>
	<item name="frm_title"></item>
	<item name="halfh"></item>
	<item name="halfw"></item>
	<item name="hidden"></item>
	<item name="hide"></item>
	<item name="hseparator"></item>
	<item name="igk-action-bar"></item>
	<item name="igk-action-bar.igk-pull-right"></item>
	<item name="igk-active"></item>
	<item name="igk-anchor-all"></item>
	<item name="igk-android"></item>
	<item name="igk-android-menu-option"></item>
	<item name="igk-android-menu-options"></item>
	<item name="igk-article-options"></item>
	<item name="igk-bigger"></item>
	<item name="igk-black-border"></item>
	<item name="igk-body-box"></item>
	<item name="igk-breadcrumbs"></item>
	<item name="igk-btn"></item>
	<item name="igk-btn-active"></item>
	<item name="igk-btn-connect"></item>
	<item name="igk-btn-danger"></item>
	<item name="igk-btn-default"></item>
	<item name="igk-btn-inactive"></item>
	<item name="igk-btn-info"></item>
	<item name="igk-btn-lnk"></item>
	<item name="igk-btn-success"></item>
	<item name="igk-btn-warning"></item>
	<item name="igk-clear-cell"></item>
	<item name="igk-cleartab"></item>
	<item name="igk-cnf-body"></item>
	<item name="igk-cnf-connexion-div"></item>
	<item name="igk-cnf-content"></item>
	<item name="igk-cnf-content_submenu"></item>
	<item name="igk-cnf-content_submenu_selected"></item>
	<item name="igk-cnf-frame"></item>
	<item name="igk-cnf-framebox"></item>
	<item name="igk-cnf-header-node"></item>
	<item name="igk-cnf-info"></item>
	<item name="igk-cnf-logo"></item>
	<item name="igk-cnf-menu"></item>
	<item name="igk-cnf-menu-title"></item>
	<item name="igk-cnf-menu_selected"></item>
	<item name="igk-cnf-page"></item>
	<item name="igk-cnf-title"></item>
	<item name="igk-col"></item>
	<item name="igk-col-lg-12-1"></item>
	<item name="igk-col-lg-12-10"></item>
	<item name="igk-col-lg-12-11"></item>
	<item name="igk-col-lg-12-12"></item>
	<item name="igk-col-lg-12-2"></item>
	<item name="igk-col-lg-12-3"></item>
	<item name="igk-col-lg-12-4"></item>
	<item name="igk-col-lg-12-5"></item>
	<item name="igk-col-lg-12-6"></item>
	<item name="igk-col-lg-12-7"></item>
	<item name="igk-col-lg-12-8"></item>
	<item name="igk-col-lg-12-9"></item>
	<item name="igk-col-lg-3-1"></item>
	<item name="igk-col-lg-3-2"></item>
	<item name="igk-col-lg-3-3"></item>
	<item name="igk-col-lg-4-1"></item>
	<item name="igk-col-lg-4-2"></item>
	<item name="igk-col-lg-4-3"></item>
	<item name="igk-col-lg-4-4"></item>
	<item name="igk-col-sm-12-1"></item>
	<item name="igk-col-sm-12-10"></item>
	<item name="igk-col-sm-12-11"></item>
	<item name="igk-col-sm-12-12"></item>
	<item name="igk-col-sm-12-2"></item>
	<item name="igk-col-sm-12-3"></item>
	<item name="igk-col-sm-12-4"></item>
	<item name="igk-col-sm-12-5"></item>
	<item name="igk-col-sm-12-6"></item>
	<item name="igk-col-sm-12-7"></item>
	<item name="igk-col-sm-12-8"></item>
	<item name="igk-col-sm-12-9"></item>
	<item name="igk-col-sm-3-1"></item>
	<item name="igk-col-sm-3-2"></item>
	<item name="igk-col-sm-3-3"></item>
	<item name="igk-col-sm-4-1"></item>
	<item name="igk-col-sm-4-2"></item>
	<item name="igk-col-sm-4-3"></item>
	<item name="igk-col-sm-4-4"></item>
	<item name="igk-col-xlg-12-1"></item>
	<item name="igk-col-xlg-12-10"></item>
	<item name="igk-col-xlg-12-11"></item>
	<item name="igk-col-xlg-12-12"></item>
	<item name="igk-col-xlg-12-2"></item>
	<item name="igk-col-xlg-12-3"></item>
	<item name="igk-col-xlg-12-4"></item>
	<item name="igk-col-xlg-12-5"></item>
	<item name="igk-col-xlg-12-6"></item>
	<item name="igk-col-xlg-12-7"></item>
	<item name="igk-col-xlg-12-8"></item>
	<item name="igk-col-xlg-12-9"></item>
	<item name="igk-col-xlg-3-1"></item>
	<item name="igk-col-xlg-3-2"></item>
	<item name="igk-col-xlg-3-3"></item>
	<item name="igk-col-xlg-4-1"></item>
	<item name="igk-col-xlg-4-2"></item>
	<item name="igk-col-xlg-4-3"></item>
	<item name="igk-col-xlg-4-4"></item>
	<item name="igk-community-box"></item>
	<item name="igk-community-link"></item>
	<item name="igk-config-menu-font"></item>
	<item name="igk-container"></item>
	<item name="igk-context-menu"></item>
	<item name="igk-context-menu-sep"></item>
	<item name="igk-ctrl-additionnal-properties"></item>
	<item name="igk-ctrl-options"></item>
	<item name="igk-danger"></item>
	<item name="igk-dashed-border-1"></item>
	<item name="igk-dashed-border-2"></item>
	<item name="igk-dashed-border-4"></item>
	<item name="igk-dashed-border-8"></item>
	<item name="igk-db-tableentries"></item>
	<item name="igk-def-c"></item>
	<item name="igk-default"></item>
	<item name="igk-expo"></item>
	<item name="igk-fitw-lg-4-1"></item>
	<item name="igk-fitw-lg-4-2"></item>
	<item name="igk-fitw-lg-4-3"></item>
	<item name="igk-fitw-lg-4-4"></item>
	<item name="igk-fitw-sm"></item>
	<item name="igk-fixed-action-bar"></item>
	<item name="igk-fixed-action-bar.igk-show"></item>
	<item name="igk-form-box"></item>
	<item name="igk-form-control"></item>
	<item name="igk-hbox" desc="hidded inline node item"></item>
	<item name="igk-header"></item>
	<item name="igk-home-bar"></item>
	<item name="igk-horizontal-menu"></item>
	<item name="igk-horizontal-separator"></item>
	<item name="igk-iconbar"></item>
	<item name="igk-inactive"></item>
	<item name="igk-indice"></item>
	<item name="igk-info"></item>
	<item name="igk-js-notify"></item>
	<item name="igk-language-list"></item>
	<item name="igk-lg-only"></item>
	<item name="igk-list-item"></item>
	<item name="igk-mar-b-10"></item>
	<item name="igk-mar-b-16"></item>
	<item name="igk-mar-b-4"></item>
	<item name="igk-mar-b-8"></item>
	<item name="igk-mar-l-10"></item>
	<item name="igk-mar-l-16"></item>
	<item name="igk-mar-l-4"></item>
	<item name="igk-mar-l-8"></item>
	<item name="igk-mar-r-10"></item>
	<item name="igk-mar-r-16"></item>
	<item name="igk-mar-r-4"></item>
	<item name="igk-mar-r-8"></item>
	<item name="igk-mar-t-10"></item>
	<item name="igk-mar-t-16"></item>
	<item name="igk-mar-t-4"></item>
	<item name="igk-mar-t-8"></item>
	<item name="igk-mb-16"></item>
	<item name="igk-mb-2"></item>
	<item name="igk-mb-32"></item>
	<item name="igk-mb-4"></item>
	<item name="igk-mb-48"></item>
	<item name="igk-mb-8"></item>
	<item name="igk-menu-item"></item>
	<item name="igk-ml-16"></item>
	<item name="igk-ml-2"></item>
	<item name="igk-ml-32"></item>
	<item name="igk-ml-4"></item>
	<item name="igk-ml-48"></item>
	<item name="igk-ml-8"></item>
	<item name="igk-mr-16"></item>
	<item name="igk-mr-2"></item>
	<item name="igk-mr-32"></item>
	<item name="igk-mr-4"></item>
	<item name="igk-mr-48"></item>
	<item name="igk-mr-8"></item>
	<item name="igk-msbox-dialog"></item>
	<item name="igk-msbox-dialog-title"></item>
	<item name="igk-mt-16"></item>
	<item name="igk-mt-2"></item>
	<item name="igk-mt-32"></item>
	<item name="igk-mt-4"></item>
	<item name="igk-mt-48"></item>
	<item name="igk-mt-8"></item>
	<item name="igk-nav-bar"></item>
	<item name="igk-new-lang-key"></item>
	<item name="igk-notify"></item>
	<item name="igk-notify-active"></item>
	<item name="igk-notify-btn-close"></item>
	<item name="igk-notify-danger"></item>
	<item name="igk-notify-default"></item>
	<item name="igk-notify-inactive"></item>
	<item name="igk-notify-info"></item>
	<item name="igk-notify-success"></item>
	<item name="igk-notify-warning"></item>
	<item name="igk-notify-z"></item>
	<item name="igk-notify_info"></item>
	<item name="igk-notify_warning"></item>
	<item name="igk-notify_z"></item>
	<item name="igk-notifybox"></item>
	<item name="igk-number-list"></item>
	<item name="igk-pad-16"></item>
	<item name="igk-pad-32"></item>
	<item name="igk-pad-4"></item>
	<item name="igk-pad-64"></item>
	<item name="igk-pad-8"></item>
	<item name="igk-pad-b-10"></item>
	<item name="igk-pad-b-16"></item>
	<item name="igk-pad-b-4"></item>
	<item name="igk-pad-b-8"></item>
	<item name="igk-pad-l-10"></item>
	<item name="igk-pad-l-16"></item>
	<item name="igk-pad-l-4"></item>
	<item name="igk-pad-l-8"></item>
	<item name="igk-pad-r-10"></item>
	<item name="igk-pad-r-16"></item>
	<item name="igk-pad-r-4"></item>
	<item name="igk-pad-r-8"></item>
	<item name="igk-pad-t-10"></item>
	<item name="igk-pad-t-16"></item>
	<item name="igk-pad-t-4"></item>
	<item name="igk-pad-t-8"></item>
	<item name="igk-page"></item>
	<item name="igk-page-editor"></item>
	<item name="igk-page-zone"></item>
	<item name="igk-pagination"></item>
	<item name="igk-panel"></item>
	<item name="igk-panel-active"></item>
	<item name="igk-panel-danger"></item>
	<item name="igk-panel-default"></item>
	<item name="igk-panel-inactive"></item>
	<item name="igk-panel-info"></item>
	<item name="igk-panel-success"></item>
	<item name="igk-panel-warning"></item>
	<item name="igk-parentscroll"></item>
	<item name="igk-phpcodearea"></item>
	<item name="igk-powered"></item>
	<item name="igk-prev"></item>
	<item name="igk-progress-0"></item>
	<item name="igk-progress-0.igk-pull-top"></item>
	<item name="igk-progress-1"></item>
	<item name="igk-progress-1.igk-pull-top"></item>
	<item name="igk-progress-10"></item>
	<item name="igk-progress-10.igk-pull-top"></item>
	<item name="igk-progress-2"></item>
	<item name="igk-progress-2.igk-pull-top"></item>
	<item name="igk-progress-3"></item>
	<item name="igk-progress-3.igk-pull-top"></item>
	<item name="igk-progress-4"></item>
	<item name="igk-progress-4.igk-pull-top"></item>
	<item name="igk-progress-5"></item>
	<item name="igk-progress-5.igk-pull-top"></item>
	<item name="igk-progress-6"></item>
	<item name="igk-progress-6.igk-pull-top"></item>
	<item name="igk-progress-7"></item>
	<item name="igk-progress-7.igk-pull-top"></item>
	<item name="igk-progress-8"></item>
	<item name="igk-progress-8.igk-pull-top"></item>
	<item name="igk-progress-9"></item>
	<item name="igk-progress-9.igk-pull-top"></item>
	<item name="igk-progressbar"></item>
	<item name="igk-progressbar-cur"></item>
	<item name="igk-progressbar-cur.igk-pull-top"></item>
	<item name="igk-progressbar.igk-anim"></item>
	<item name="igk-progressbar.igk-stripped"></item>
	<item name="igk-roll-in"></item>
	<item name="igk-roll-in-hover"></item>
	<item name="igk-roll-owner"></item>
	<item name="igk-roll-owner.igk-pull-bottom"></item>
	<item name="igk-roll-owner.igk-pull-right"></item>
	<item name="igk-roll-owner.igk-pull-top"></item>
	<item name="igk-row"></item>
	<item name="igk-row-cell"></item>
	<item name="igk-selectdb-row"></item>
	<item name="igk-selected-menuitem"></item>
	<item name="igk-separator"></item>
	<item name="igk-sm-list-item"></item>
	<item name="igk-sm-only"></item>
	<item name="igk-smaller"></item>
	<item name="igk-success"></item>
	<item name="igk-table"></item>
	<item name="igk-table-hover"></item>
	<item name="igk-table-img-action_16x16"></item>
	<item name="igk-table-striped"></item>
	<item name="igk-text-active"></item>
	<item name="igk-text-c"></item>
	<item name="igk-text-danger"></item>
	<item name="igk-text-default"></item>
	<item name="igk-text-ellipis"></item>
	<item name="igk-text-inactive"></item>
	<item name="igk-text-info"></item>
	<item name="igk-text-success"></item>
	<item name="igk-text-warning"></item>
	<item name="igk-tip"></item>
	<item name="igk-title"></item>
	<item name="igk-title-2"></item>
	<item name="igk-title-4"></item>
	<item name="igk-title-5"></item>
	<item name="igk-toggle-button"></item>
	<item name="igk-touch-roll-owner"></item>
	<item name="igk-touch-roll-owner.igk-pull-bottom"></item>
	<item name="igk-touch-roll-owner.igk-pull-right"></item>
	<item name="igk-touch-roll-owner.igk-pull-top"></item>
	<item name="igk-touch-roll-owner.igk-roll-owner"></item>
	<item name="igk-trans-all"></item>
	<item name="igk-trans-all-200ms"></item>
	<item name="igk-transition-easeinout"></item>
	<item name="igk-txt-c"></item>
	<item name="igk-txt-l"></item>
	<item name="igk-txt-u"></item>
	<item name="igk-underline-div"></item>
	<item name="igk-vertical-separator"></item>
	<item name="igk-warning"></item>
	<item name="igk-web-body"></item>
	<item name="igk-web-bodyinfo"></item>
	<item name="igk-web-pageinfo"></item>
	<item name="igk-white-border"></item>
	<item name="igk-xbigger"></item>
	<item name="igk-xlg-dispn"></item>
	<item name="igk-xlg-only"></item>
	<item name="igk-xml-viewer"></item>
	<item name="igk-xsmaller"></item>
	<item name="igk-zfront"></item>
	<item name="igk_db_tableentries"></item>
	<item name="igk_language_list"></item>
	<item name="igknotificationctrl"></item>
	<item name="igksessioncontroller"></item>
	<item name="igksessionctrl"></item>
	<item name="light-op20"></item>
	<item name="light-op50"></item>
	<item name="light-op80"></item>
	<item name="light-op90"></item>
	<item name="loc_b"></item>
	<item name="loc_l"></item>
	<item name="loc_mid"></item>
	<item name="loc_r"></item>
	<item name="loc_t"></item>
	<item name="lowercase"></item>
	<item name="marg4"></item>
	<item name="menu-indent-trans"></item>
	<item name="msbox_dialog"></item>
	<item name="msbox_dialog_title"></item>
	<item name="no-border"></item>
	<item name="no-decoration"></item>
	<item name="no-margin"></item>
	<item name="no-overflow"></item>
	<item name="no-padding"></item>
	<item name="no-repeat"></item>
	<item name="no-style"></item>
	<item name="no-vibility"></item>
	<item name="no-wrap"></item>
	<item name="nodecoration"></item>
	<item name="nomargin"></item>
	<item name="nopadding"></item>
	<item name="o" desc="used in xml rendering for = symbol"></item>
	<item name="other-conf-setting"></item>
	<item name="overflow-x-a"></item>
	<item name="overflow-y-a"></item>
	<item name="overflow_x"></item>
	<item name="overflow_y"></item>
	<item name="pad4"></item>
	<item name="posab"></item>
	<item name="posfix"></item>
	<item name="posr"></item>
	<item name="posstatic"></item>
	<item name="puce_circle"></item>
	<item name="resizable"></item>
	<item name="row"></item>
	<item name="s" desc="used in xml rendering to render tag symbol &lt; and &gt;"></item>
	<item name="scroll_ax"></item>
	<item name="scroll_ay"></item>
	<item name="scroll_h_x"></item>
	<item name="scroll_h_y"></item>
	<item name="scroll_x"></item>
	<item name="scroll_y"></item>
	<item name="t"></item>
	<item name="table_darkrow"></item>
	<item name="table_lightrow"></item>
	<item name="tool_tip"></item>
	<item name="transparent"></item>
	<item name="uppercase"></item>
	<item name="wrapnormal"></item>
	<item name="z-level-0"></item>
	<item name="z-level-1"></item>
	<item name="z-level-2"></item>
	<item name="z-level-3"></item>
	<item name="z-level-4"></item>
	<item name="z-level-5"></item>
	<item name="z-level-6"></item>
	<item name="z-level-7"></item>
	<item name="z-level-8"></item>
	<item name="z-level-9"></item>
	<item name="z_100"></item>
	<item name="z_50"></item>
	<item name="zback"></item>
	<item name="ztop"></item>
</css-definition>