<?xml version="1.0" ?>
<data-schemas>
	<DataDefinition TableName="tb%website_prefix%_blog_topics">
		<Column clName="clId" clNotNull="True" clType="Int" clTypeLength="11" clAutoIncrement="True" clIsPrimary="True" />
		<Column clName="clTitle" clNotNull="True" clType="VarChar" clTypeLength="30" clIsUnique="True" clDescription="Description of this topics" />
		<Column clName="clUser_Id" clType="Int" clTypeLength="11" clDescription="create of this topics" />		
		<Column clName="clDescription" clType="Text" />
	</DataDefinition>
	<DataDefinition TableName="tb%website_prefix%_blog_comments">
		<Column clName="clId" clNotNull="True" clType="Int" clTypeLength="11" clAutoIncrement="True" clIsPrimary="True" />
		<Column clName="clBlog_Topics_Id" clNotNull="Int" clTypeLength="11"  />
		<Column clName="clDateTime" clType="DateTime" />
	</DataDefinition>
</data-schemas>