<configmenu>
	<metactrl>
		<menuname>metactrl</menuname>
		<pagename>metactrl</pagename>
		<menuindex>200</menuindex>
		<imagekey />
		<group>web</group>
	</metactrl>
	<mailserver>
		<menuname>mailserver</menuname>
		<pagename>mailserver</pagename>
		<menuindex>210</menuindex>
		<imagekey />
		<group>web</group>
	</mailserver>
	<mailpages>
		<menuname>mailpages</menuname>
		<pagename>mailpages</pagename>
		<menuindex>215</menuindex>
		<imagekey />
		<group>web</group>
	</mailpages>
	<langconfig>
		<menuname>langconfig</menuname>
		<pagename>langconfig</pagename>
		<menuindex>220</menuindex>
		<imagekey />
		<group>configuration</group>
	</langconfig>
	<pictureresconfig>
		<menuname>pictureresconfig</menuname>
		<pagename>pictureresconfig</pagename>
		<menuindex>230</menuindex>
		<imagekey />
		<group>files</group>
	</pictureresconfig>
	<template>
		<menuname>template</menuname>
		<pagename>template</pagename>
		<menuindex>240</menuindex>
		<imagekey />
		<group>files</group>
	</template>
	<filemanager>
		<menuname>filemanager</menuname>
		<pagename>filemanager</pagename>
		<menuindex>250</menuindex>
		<imagekey />
		<group>files</group>
	</filemanager>
	<menu>
		<menuname>menu</menuname>
		<pagename>menu</pagename>
		<menuindex>305</menuindex>
		<imagekey />
		<separatorBefore>true</separatorBefore>
		<group>configuration</group>
	</menu>
	<articleconfig>
		<menuname>articleconfig</menuname>
		<pagename>articleconfig</pagename>
		<menuindex>310</menuindex>
		<imagekey />
		<group>controller</group>
	</articleconfig>
	<database>
		<menuname>database</menuname>
		<pagename>database</pagename>
		<menuindex>315</menuindex>
		<imagekey />
		<group>database</group>
	</database>
	<uservarctrl>
		<menuname>uservarctrl</menuname>
		<pagename>uservarctrl</pagename>
		<menuindex>350</menuindex>
		<imagekey />
		<group>configuration</group>
	</uservarctrl>
	<backgroundsetting>
		<menuname>backgroundsetting</menuname>
		<pagename>backgroundsetting</pagename>
		<menuindex>350</menuindex>
		<imagekey />
		<group>controller</group>
	</backgroundsetting>
	<themectrlconfig>
		<menuname>themectrlconfig</menuname>
		<pagename>themectrlconfig</pagename>
		<menuindex>360</menuindex>
		<imagekey />
		<group>configuration</group>
	</themectrlconfig>
	<pageconfig>
		<menuname>pageconfig</menuname>
		<pagename>pageconfig</pagename>
		<menuindex>370</menuindex>
		<imagekey />
		<group>web</group>
	</pageconfig>
	<users>
		<menuname>users</menuname>
		<pagename>users</pagename>
		<menuindex>375</menuindex>
		<imagekey />
		<group>administration</group>
	</users>
	<groupconfig>
		<menuname>groupconfig</menuname>
		<pagename>groupconfig</pagename>
		<menuindex>380</menuindex>
		<imagekey />
		<group>administration</group>
	</groupconfig>
	<usergroupconfig>
		<menuname>usergroupconfig</menuname>
		<pagename>usergroupconfig</pagename>
		<menuindex>385</menuindex>
		<imagekey />
		<group>administration</group>
	</usergroupconfig>
	<groupauth>
		<menuname>groupauth</menuname>
		<pagename>groupauth</pagename>
		<menuindex>390</menuindex>
		<imagekey />
		<group>administration</group>
	</groupauth>
	<groupauth>
		<menuname>groupauth</menuname>
		<pagename>groupauth</pagename>
		<menuindex>390</menuindex>
		<imagekey />
		<group>administration</group>
	</groupauth>
	<changectrl>
		<menuname>changectrl</menuname>
		<pagename>changectrl</pagename>
		<menuindex>400</menuindex>
		<imagekey />
		<group>controller</group>
	</changectrl>
	<community>
		<menuname>community</menuname>
		<pagename>community</pagename>
		<menuindex>210</menuindex>
		<imagekey />
		<group>web</group>
	</community>
	<referencectrl>
		<menuname>referencectrl</menuname>
		<pagename>referencectrl</pagename>
		<menuindex>500</menuindex>
		<imagekey />
		<group>utility</group>
	</referencectrl>
	<toolctrl>
		<menuname>toolctrl</menuname>
		<pagename>toolctrl</pagename>
		<menuindex>510</menuindex>
		<imagekey />
		<group>utility</group>
	</toolctrl>
	<bootstrap>
		<menuname>bootstrap</menuname>
		<pagename>bootstrap</pagename>
		<menuindex>512</menuindex>
		<imagekey />
		<group>library</group>
	</bootstrap>
	<jquery>
		<menuname>jquery</menuname>
		<pagename>jquery</pagename>
		<menuindex>513</menuindex>
		<imagekey />
		<group>library</group>
	</jquery>
	<plugins>
		<menuname>plugins</menuname>
		<pagename>plugins</pagename>
		<menuindex>210</menuindex>
		<imagekey />
		<group>files</group>
	</plugins>
	<systemuri>
		<menuname>systemuri</menuname>
		<pagename>systemuri</pagename>
		<menuindex>514</menuindex>
		<imagekey />
		<group>controller</group>
	</systemuri>
</configmenu>