<configmenu>
<metactrl>
	<menuname>metactrl</menuname>
	<pagename>metactrl</pagename>
	<menuindex>200</menuindex>
	<imagekey></imagekey>
</metactrl>
<mailserver>
	<menuname>mailserver</menuname>
	<pagename>mailserver</pagename>
	<menuindex>210</menuindex>
	<imagekey></imagekey>
</mailserver>
<mailpages>
	<menuname>mailpages</menuname>
	<pagename>mailpages</pagename>
	<menuindex>215</menuindex>
	<imagekey></imagekey>
</mailpages>


<langconfig>
	<menuname>langconfig</menuname>
	<pagename>langconfig</pagename>
	<menuindex>220</menuindex>
	<imagekey></imagekey>
</langconfig>
<pictureresconfig>
	<menuname>pictureresconfig</menuname>
	<pagename>pictureresconfig</pagename>
	<menuindex>230</menuindex>
	<imagekey></imagekey>
</pictureresconfig>
<template>
	<menuname>template</menuname>
	<pagename>template</pagename>
	<menuindex>240</menuindex>
	<imagekey></imagekey>
</template>
<filemanager>
	<menuname>filemanager</menuname>
	<pagename>filemanager</pagename>
	<menuindex>250</menuindex>
	<imagekey></imagekey>
</filemanager>

<menu>
	<menuname>menu</menuname>
	<pagename>menu</pagename>
	<menuindex>305</menuindex>
	<imagekey></imagekey>
	<separatorBefore>true</separatorBefore>
</menu>


<articleconfig>
	<menuname>articleconfig</menuname>
	<pagename>articleconfig</pagename>
	<menuindex>310</menuindex>
	<imagekey></imagekey>
</articleconfig>
<database>
	<menuname>database</menuname>
	<pagename>database</pagename>
	<menuindex>315</menuindex>
	<imagekey></imagekey>
</database>

<uservarctrl>
	<menuname>uservarctrl</menuname>
	<pagename>uservarctrl</pagename>
	<menuindex>350</menuindex>
	<imagekey></imagekey>
</uservarctrl>

<backgroundsetting>
	<menuname>backgroundsetting</menuname>
	<pagename>backgroundsetting</pagename>
	<menuindex>350</menuindex>
	<imagekey></imagekey>
</backgroundsetting>
<themectrlconfig>
	<menuname>themectrlconfig</menuname>
	<pagename>themectrlconfig</pagename>
	<menuindex>360</menuindex>
	<imagekey></imagekey>
</themectrlconfig>
<pageconfig>
	<menuname>pageconfig</menuname>
	<pagename>pageconfig</pagename>
	<menuindex>370</menuindex>
	<imagekey></imagekey>
</pageconfig>
<users>
	<menuname>users</menuname>
	<pagename>users</pagename>
	<menuindex>375</menuindex>
	<imagekey></imagekey>
</users>
<groupconfig>
	<menuname>groupconfig</menuname>
	<pagename>groupconfig</pagename>
	<menuindex>380</menuindex>
	<imagekey></imagekey>
</groupconfig>
<usergroupconfig>
	<menuname>usergroupconfig</menuname>
	<pagename>usergroupconfig</pagename>
	<menuindex>385</menuindex>
	<imagekey></imagekey>
</usergroupconfig>
<groupauth>
	<menuname>groupauth</menuname>
	<pagename>groupauth</pagename>
	<menuindex>390</menuindex>
	<imagekey></imagekey>
</groupauth>
<groupauth>
	<menuname>groupauth</menuname>
	<pagename>groupauth</pagename>
	<menuindex>390</menuindex>
	<imagekey></imagekey>
</groupauth>
<changectrl>
	<menuname>changectrl</menuname>
	<pagename>changectrl</pagename>
	<menuindex>400</menuindex>
	<imagekey></imagekey>
</changectrl>

<community>
	<menuname>community</menuname>
	<pagename>community</pagename>
	<menuindex>210</menuindex>
	<imagekey></imagekey>
</community>
<referencectrl>
	<menuname>referencectrl</menuname>
	<pagename>referencectrl</pagename>
	<menuindex>500</menuindex>
	<imagekey></imagekey>
</referencectrl>
<toolctrl>
	<menuname>toolctrl</menuname>
	<pagename>toolctrl</pagename>
	<menuindex>510</menuindex>
	<imagekey></imagekey>
</toolctrl>


</configmenu>